{
    "(0, 0)": {
        "norm": -135.0,
        "response": -57.29577951308232
    },
    "(0, 1)": {
        "norm": -161.565051177078,
        "response": -51.246903126036756
    },
    "(0, 2)": {
        "norm": 161.565051177078,
        "response": -25.623451563018374
    },
    "(0, 3)": {
        "norm": 135.0,
        "response": 3.508354649267438e-15
    },
    "(1, 0)": {
        "norm": -108.43494882292201,
        "response": -51.24690312603675
    },
    "(1, 1)": {
        "norm": -135.0,
        "response": -57.29577951308232
    },
    "(1, 2)": {
        "norm": 135.0,
        "response": 3.508354649267438e-15
    },
    "(1, 3)": {
        "norm": 108.43494882292201,
        "response": 25.62345156301838
    },
    "(2, 0)": {
        "norm": -71.56505117707799,
        "response": -25.623451563018374
    },
    "(2, 1)": {
        "norm": -44.99999999999999,
        "response": 3.508354649267438e-15
    },
    "(2, 2)": {
        "norm": 45.0,
        "response": 57.29577951308232
    },
    "(2, 3)": {
        "norm": 71.56505117707799,
        "response": 51.24690312603675
    },
    "(3, 0)": {
        "norm": -45.0,
        "response": 3.508354649267438e-15
    },
    "(3, 1)": {
        "norm": -18.43494882292201,
        "response": 25.62345156301838
    },
    "(3, 2)": {
        "norm": 18.434948822922014,
        "response": 51.24690312603675
    },
    "(3, 3)": {
        "norm": 45.0,
        "response": 57.29577951308232
    }
}